{
    "accuracy": 0.6405563689604685,
    "f1_score": 0.604669887278583,
    "auc_roc": 0.7026056909801552,
    "optimal_threshold": 0.455807089805603,
    "confusion_matrix": [
        [
            999,
            478
        ],
        [
            504,
            751
        ]
    ]
}